seq,ts_ns,event,order_id,side,type,price,quantity
1,1,NEW,1,BUY,LIMIT,1000000,300
2,1,NEW,2,SELL,LIMIT,1000100,300
3,1,NEW,3,BUY,LIMIT,999900,300
4,1,NEW,4,SELL,LIMIT,1000200,300
5,1,NEW,5,BUY,LIMIT,999800,300
6,1,NEW,6,SELL,LIMIT,1000300,300
7,1,NEW,7,BUY,LIMIT,999700,300
8,1,NEW,8,SELL,LIMIT,1000400,300
9,1,NEW,9,BUY,LIMIT,999600,300
10,1,NEW,10,SELL,LIMIT,1000500,300
11,1,NEW,11,BUY,LIMIT,999500,300
12,1,NEW,12,SELL,LIMIT,1000600,300
13,1,NEW,13,BUY,LIMIT,999400,300
14,1,NEW,14,SELL,LIMIT,1000700,300
15,1,NEW,15,BUY,LIMIT,999300,300
16,1,NEW,16,SELL,LIMIT,1000800,300
17,1,NEW,17,BUY,LIMIT,999200,300
18,1,NEW,18,SELL,LIMIT,1000900,300
19,1,NEW,19,BUY,LIMIT,999100,300
20,1,NEW,20,SELL,LIMIT,1001000,300
21,161604163,CANCEL,2,SELL,LIMIT,1000100,300
22,607006456,NEW,21,SELL,LIMIT,1001000,100
23,663749255,CANCEL,17,BUY,LIMIT,999200,300
24,749390690,NEW,22,SELL,LIMIT,1000200,100
25,808871376,CANCEL,15,BUY,LIMIT,999300,300
26,988366961,CANCEL,12,SELL,LIMIT,1000600,300
27,1046442991,CANCEL,13,BUY,LIMIT,999400,300
28,1215242205,NEW,23,BUY,LIMIT,999900,100
29,1328802788,NEW,24,BUY,LIMIT,999500,66
30,1470970759,CANCEL,19,BUY,LIMIT,999100,300
31,2513622005,CANCEL,5,BUY,LIMIT,999800,300
32,2789463763,CANCEL,20,SELL,LIMIT,1001000,300
33,2800327831,CANCEL,6,SELL,LIMIT,1000300,300
34,3067502571,CANCEL,8,SELL,LIMIT,1000400,300
35,3304199643,NEW,25,SELL,LIMIT,1000300,24
36,3380543097,CANCEL,14,SELL,LIMIT,1000700,300
37,3473908890,NEW,26,SELL,LIMIT,1001500,100
38,3911311495,NEW,27,SELL,LIMIT,1000300,100
39,4051244434,CANCEL,3,BUY,LIMIT,999900,300
40,5186591711,NEW,28,BUY,LIMIT,999800,30
41,5260164143,CANCEL,9,BUY,LIMIT,999600,300
42,5293759465,NEW,29,SELL,LIMIT,1000900,100
43,5384321366,CANCEL,16,SELL,LIMIT,1000800,300
44,6456297967,NEW,30,BUY,LIMIT,1000000,64
45,6653363153,CANCEL,11,BUY,LIMIT,999500,300
46,6733027377,CANCEL,4,SELL,LIMIT,1000200,300
47,6908187192,NEW,31,SELL,MARKET,,36
48,6908187192,REDUCE,1,BUY,LIMIT,1000000,264
49,7735228237,CANCEL,21,SELL,LIMIT,1001000,100
50,7842547205,CANCEL,7,BUY,LIMIT,999700,300
51,7842998732,NEW,32,BUY,LIMIT,1000000,28
52,8251132824,CANCEL,26,SELL,LIMIT,1001500,100
53,8897344502,CANCEL,18,SELL,LIMIT,1000900,300
54,9501986274,NEW,33,SELL,LIMIT,1000500,73
55,9774300553,NEW,34,BUY,LIMIT,999300,200
56,10786769826,NEW,35,SELL,LIMIT,1000200,100
57,11050967261,NEW,36,SELL,LIMIT,1001500,24
58,11266096529,CANCEL,29,SELL,LIMIT,1000900,100
59,11699179132,CANCEL,23,BUY,LIMIT,999900,100
60,12221834554,CANCEL,1,BUY,LIMIT,1000000,264
61,12678167204,NEW,37,BUY,LIMIT,999900,29
62,13511832818,NEW,38,SELL,LIMIT,1000600,54
63,13815125064,NEW,39,BUY,LIMIT,999700,100
64,13981614848,NEW,40,BUY,MARKET,,100
65,13981614848,CANCEL,22,SELL,LIMIT,1000200,100
66,14004396439,CANCEL,33,SELL,LIMIT,1000500,73
67,14644230478,CANCEL,30,BUY,LIMIT,1000000,64
68,14873793810,NEW,41,SELL,LIMIT,1000300,60
69,14966590155,CANCEL,10,SELL,LIMIT,1000500,300
70,16344047275,CANCEL,39,BUY,LIMIT,999700,100
71,16709716825,NEW,42,BUY,LIMIT,999800,36
72,17831371204,NEW,43,SELL,LIMIT,1000200,100
73,18207869060,CANCEL,35,SELL,LIMIT,1000200,100
74,18372099223,CANCEL,34,BUY,LIMIT,999300,200
75,19279728711,NEW,44,SELL,LIMIT,1000200,100
76,19793387561,NEW,45,SELL,LIMIT,1000300,100
77,22406148031,CANCEL,27,SELL,LIMIT,1000300,100
78,23562475280,CANCEL,24,BUY,LIMIT,999500,66
79,24615723501,NEW,46,SELL,LIMIT,1000200,1
80,24881464976,CANCEL,43,SELL,LIMIT,1000200,100
81,25147799724,NEW,47,SELL,LIMIT,1000700,67
82,25613737021,NEW,48,BUY,LIMIT,999900,72
83,27004839686,NEW,49,BUY,LIMIT,1000100,9
84,27543063141,NEW,50,SELL,LIMIT,1000700,100
85,28446862110,NEW,51,BUY,LIMIT,999200,100
86,28818873228,NEW,52,BUY,LIMIT,1000100,600
87,29504021202,CANCEL,52,BUY,LIMIT,1000100,600
88,30585062418,NEW,53,BUY,LIMIT,999000,100
89,30638454449,NEW,54,BUY,LIMIT,999600,100
90,31133944638,NEW,55,BUY,LIMIT,1000000,29
91,31477400054,NEW,56,SELL,MARKET,,300
92,31477400054,CANCEL,49,BUY,LIMIT,1000100,9
93,31477400054,CANCEL,32,BUY,LIMIT,1000000,28
94,31477400054,CANCEL,55,BUY,LIMIT,1000000,29
95,31477400054,CANCEL,37,BUY,LIMIT,999900,29
96,31477400054,CANCEL,48,BUY,LIMIT,999900,72
97,31477400054,CANCEL,28,BUY,LIMIT,999800,30
98,31477400054,CANCEL,42,BUY,LIMIT,999800,36
99,31477400054,REDUCE,54,BUY,LIMIT,999600,33
100,31477552894,NEW,57,BUY,MARKET,,326
101,31477552894,CANCEL,44,SELL,LIMIT,1000200,100
102,31477552894,CANCEL,46,SELL,LIMIT,1000200,1
103,31477552894,CANCEL,25,SELL,LIMIT,1000300,24
104,31477552894,CANCEL,41,SELL,LIMIT,1000300,60
105,31477552894,CANCEL,45,SELL,LIMIT,1000300,100
106,31477552894,REDUCE,38,SELL,LIMIT,1000600,13
107,31478539175,NEW,58,SELL,MARKET,,200
108,31478539175,CANCEL,54,BUY,LIMIT,999600,33
109,31478539175,CANCEL,51,BUY,LIMIT,999200,100
110,31478539175,REDUCE,53,BUY,LIMIT,999000,33
111,32466250261,NEW,59,BUY,LIMIT,1000400,30
112,32571165650,NEW,60,SELL,LIMIT,1001000,100
113,32701808752,CANCEL,38,SELL,LIMIT,1000600,13
114,33980486291,NEW,61,BUY,LIMIT,999200,13
115,35299812646,NEW,62,BUY,LIMIT,999900,30
116,36179298998,NEW,63,SELL,LIMIT,1001200,71
117,36660440143,NEW,64,BUY,LIMIT,1000400,100
118,40046055783,NEW,65,SELL,LIMIT,1001800,100
119,40459870968,NEW,66,SELL,LIMIT,1000700,30
120,40731858602,NEW,67,BUY,LIMIT,1000400,200
121,40941362566,CANCEL,67,BUY,LIMIT,1000400,200
122,41346615116,CANCEL,47,SELL,LIMIT,1000700,67
123,43328057564,NEW,68,BUY,LIMIT,1000600,19
124,43842014728,NEW,69,BUY,LIMIT,1000000,500
125,44280666587,CANCEL,63,SELL,LIMIT,1001200,71
126,45557403971,CANCEL,69,BUY,LIMIT,1000000,500
127,45789285791,NEW,70,BUY,LIMIT,999400,46
128,47314165169,NEW,71,SELL,LIMIT,1000900,5
129,47941848900,CANCEL,64,BUY,LIMIT,1000400,100
130,48833459923,CANCEL,66,SELL,LIMIT,1000700,30
131,49624190040,CANCEL,68,BUY,LIMIT,1000600,19
132,49891694908,CANCEL,50,SELL,LIMIT,1000700,100
133,51068153795,NEW,72,BUY,MARKET,,100
134,51068153795,CANCEL,71,SELL,LIMIT,1000900,5
135,51068153795,REDUCE,60,SELL,LIMIT,1001000,5
136,54070107349,NEW,73,BUY,LIMIT,1000200,200
137,54120208698,NEW,74,BUY,LIMIT,1000300,13
138,54468116490,NEW,75,SELL,LIMIT,1000600,65
139,54530351258,NEW,76,SELL,LIMIT,1001000,30
140,54836006993,CANCEL,73,BUY,LIMIT,1000200,200
141,55258337240,NEW,77,SELL,LIMIT,1001800,3
142,58191839597,CANCEL,65,SELL,LIMIT,1001800,100
143,59688966022,NEW,78,SELL,LIMIT,1000700,67
144,60510662029,CANCEL,74,BUY,LIMIT,1000300,13
145,61503538090,NEW,79,BUY,LIMIT,1000100,33
146,65192916046,NEW,80,SELL,LIMIT,1000900,28
147,67868839012,NEW,81,BUY,LIMIT,999600,64
148,68987433109,NEW,82,SELL,LIMIT,1000500,100
149,70152947571,CANCEL,70,BUY,LIMIT,999400,46
150,70680833690,NEW,83,BUY,LIMIT,999500,18
151,70931336500,NEW,84,BUY,LIMIT,999500,100
152,71706873046,NEW,85,SELL,LIMIT,1001000,27
153,71843015721,CANCEL,75,SELL,LIMIT,1000600,65
154,72121588308,NEW,86,BUY,LIMIT,1000000,62
155,72588353331,NEW,87,SELL,LIMIT,1000700,200
156,72654853818,NEW,88,BUY,LIMIT,999300,42
157,72808378783,NEW,89,SELL,LIMIT,1001200,66
158,73465862128,CANCEL,76,SELL,LIMIT,1001000,30
159,73515660442,CANCEL,88,BUY,LIMIT,999300,42
160,73975555861,NEW,90,BUY,LIMIT,1000200,60
161,74387286471,CANCEL,84,BUY,LIMIT,999500,100
162,74634171963,NEW,91,SELL,LIMIT,1001500,60
163,74723265085,CANCEL,89,SELL,LIMIT,1001200,66
164,74965059662,NEW,92,SELL,LIMIT,1001000,700
165,75547432410,NEW,93,BUY,LIMIT,1000300,28
166,76527546953,NEW,94,SELL,LIMIT,1001000,200
167,77966887215,NEW,95,BUY,LIMIT,999600,100
168,78508531731,NEW,96,BUY,LIMIT,999900,18
169,78810887212,CANCEL,86,BUY,LIMIT,1000000,62
170,79346630975,CANCEL,94,SELL,LIMIT,1001000,200
171,79623418810,NEW,97,SELL,LIMIT,1000600,49
172,79629147255,CANCEL,81,BUY,LIMIT,999600,64
173,80803853919,NEW,98,BUY,LIMIT,1000400,100
174,81328021436,NEW,99,SELL,LIMIT,1001600,100
175,81494353503,CANCEL,92,SELL,LIMIT,1001000,700
176,81785530889,CANCEL,91,SELL,LIMIT,1001500,60
177,82214883227,NEW,100,BUY,LIMIT,1000400,14
178,82339147319,NEW,101,SELL,LIMIT,1001000,200
179,82468364363,CANCEL,82,SELL,LIMIT,1000500,100
180,82524103016,CANCEL,99,SELL,LIMIT,1001600,100
181,83054241562,NEW,102,SELL,LIMIT,1000900,22
182,84920995696,NEW,103,SELL,LIMIT,1000700,200
183,85352858524,CANCEL,95,BUY,LIMIT,999600,100
184,85738095451,NEW,104,BUY,LIMIT,1000200,21
185,86544390341,CANCEL,87,SELL,LIMIT,1000700,200
186,86734786321,NEW,105,BUY,LIMIT,999600,100
187,87803441437,NEW,106,SELL,LIMIT,1000700,100
188,87992049658,CANCEL,77,SELL,LIMIT,1001800,3
189,88145962340,CANCEL,101,SELL,LIMIT,1001000,200
190,88346799518,NEW,107,SELL,LIMIT,1001100,100
191,88775212374,NEW,108,BUY,LIMIT,999100,400
192,88793754930,CANCEL,59,BUY,LIMIT,1000400,30
193,89360130024,CANCEL,83,BUY,LIMIT,999500,18
194,89617217249,NEW,109,SELL,LIMIT,1000800,200
195,90990998160,CANCEL,78,SELL,LIMIT,1000700,67
196,91608731081,NEW,110,SELL,LIMIT,1001500,100
197,91820613095,NEW,111,BUY,LIMIT,1000400,100
198,92123607567,CANCEL,108,BUY,LIMIT,999100,400
199,92745850990,NEW,112,BUY,LIMIT,1000000,100
200,93025897839,NEW,113,BUY,LIMIT,1000300,28
201,93206140205,CANCEL,103,SELL,LIMIT,1000700,200
202,93601523789,NEW,114,BUY,LIMIT,1000000,100
203,95405952750,CANCEL,98,BUY,LIMIT,1000400,100
204,95647914248,CANCEL,109,SELL,LIMIT,1000800,200
205,96090120760,CANCEL,114,BUY,LIMIT,1000000,100
206,96545595889,NEW,115,BUY,LIMIT,999400,60
207,97377783503,NEW,116,BUY,LIMIT,1000400,100
208,97510396693,NEW,117,BUY,LIMIT,1000400,100
209,97847669419,NEW,118,SELL,LIMIT,1000700,60
210,101437680327,CANCEL,116,BUY,LIMIT,1000400,100
211,102625082020,CANCEL,96,BUY,LIMIT,999900,18
212,103070173558,CANCEL,111,BUY,LIMIT,1000400,100
213,103994094768,CANCEL,104,BUY,LIMIT,1000200,21
214,104224829026,CANCEL,105,BUY,LIMIT,999600,100
215,105237173042,NEW,119,SELL,LIMIT,1001000,40
216,105253619531,NEW,120,SELL,LIMIT,1001200,500
217,105255611033,NEW,121,SELL,LIMIT,1000700,100
218,105642464540,NEW,122,BUY,LIMIT,1000000,30
219,106649471433,CANCEL,120,SELL,LIMIT,1001200,500
220,107216465325,NEW,123,SELL,LIMIT,1001500,60
221,108674901296,NEW,124,SELL,LIMIT,1001100,27
222,109091304257,CANCEL,110,SELL,LIMIT,1001500,100
223,109749994193,CANCEL,123,SELL,LIMIT,1001500,60
224,110719508323,NEW,125,SELL,LIMIT,1001200,100
225,111175022319,CANCEL,125,SELL,LIMIT,1001200,100
226,111408207926,CANCEL,118,SELL,LIMIT,1000700,60
227,112188825031,NEW,126,BUY,LIMIT,1000400,18
228,112794487240,NEW,127,BUY,LIMIT,1000300,100
229,113278768160,NEW,128,BUY,LIMIT,1000500,100
230,113739665604,CANCEL,107,SELL,LIMIT,1001100,100
231,114451907972,CANCEL,127,BUY,LIMIT,1000300,100
232,114546429558,NEW,129,BUY,LIMIT,1000200,23
233,116002338284,NEW,130,SELL,LIMIT,1000700,100
234,116835991475,CANCEL,113,BUY,LIMIT,1000300,28
235,117235232506,NEW,131,BUY,LIMIT,999800,10
236,117689720392,NEW,132,BUY,LIMIT,1000000,27
237,118221692451,CANCEL,117,BUY,LIMIT,1000400,100
238,118284674586,NEW,133,SELL,LIMIT,1001200,9
239,119406626317,NEW,134,BUY,LIMIT,999900,30
240,119832130571,NEW,135,SELL,LIMIT,1000700,100
241,120117884070,NEW,136,BUY,LIMIT,1000300,29
242,121625958749,NEW,137,BUY,LIMIT,1000400,30
243,122554622967,NEW,138,SELL,LIMIT,1000700,100
244,125550509702,CANCEL,53,BUY,LIMIT,999000,33
245,125556895986,CANCEL,130,SELL,LIMIT,1000700,100
246,126143332637,NEW,139,SELL,LIMIT,1001200,27
247,126361631057,NEW,140,BUY,LIMIT,1000400,100
248,126515784983,CANCEL,138,SELL,LIMIT,1000700,100
249,126818070673,NEW,141,BUY,LIMIT,1000300,62
250,126913909706,CANCEL,137,BUY,LIMIT,1000400,30
251,127507651400,NEW,142,SELL,LIMIT,1002000,100
252,127710279042,NEW,143,SELL,LIMIT,1000900,100
253,127718007463,NEW,144,BUY,LIMIT,1000000,30
254,127998676106,NEW,145,BUY,LIMIT,999800,200
255,128247194221,CANCEL,140,BUY,LIMIT,1000400,100
256,128748932870,CANCEL,112,BUY,LIMIT,1000000,100
257,129165699984,NEW,146,BUY,LIMIT,1000500,100
258,129585584367,CANCEL,62,BUY,LIMIT,999900,30
259,130072156375,NEW,147,BUY,LIMIT,999800,41
260,130406047960,NEW,148,BUY,LIMIT,1000200,100
261,132350428809,CANCEL,146,BUY,LIMIT,1000500,100
262,132757014425,CANCEL,124,SELL,LIMIT,1001100,27
263,133355547426,CANCEL,128,BUY,LIMIT,1000500,100
264,134116540557,NEW,149,SELL,LIMIT,1001000,75
265,135255102675,NEW,150,BUY,LIMIT,999800,200
266,136712168374,CANCEL,143,SELL,LIMIT,1000900,100
267,136762727631,CANCEL,150,BUY,LIMIT,999800,200
268,136837048059,NEW,151,BUY,LIMIT,999100,200
269,137070931533,CANCEL,151,BUY,LIMIT,999100,200
270,137320758334,NEW,152,SELL,LIMIT,1001100,100
271,137566282423,NEW,153,SELL,LIMIT,1001100,51
272,137799569281,CANCEL,129,BUY,LIMIT,1000200,23
273,137809915289,CANCEL,85,SELL,LIMIT,1001000,27
274,138358166209,CANCEL,106,SELL,LIMIT,1000700,100
275,138392276099,CANCEL,152,SELL,LIMIT,1001100,100
276,139963769790,CANCEL,149,SELL,LIMIT,1001000,75
277,140185094769,NEW,154,BUY,LIMIT,1000400,17
278,140666998649,NEW,155,BUY,LIMIT,999500,100
279,140935515722,CANCEL,145,BUY,LIMIT,999800,200
280,141006788355,NEW,156,BUY,LIMIT,1000400,28
281,142284593542,CANCEL,155,BUY,LIMIT,999500,100
282,142293694817,CANCEL,141,BUY,LIMIT,1000300,62
283,143022290102,NEW,157,BUY,LIMIT,999600,100
284,143223762650,NEW,158,SELL,LIMIT,1000500,100
285,143226623575,NEW,159,SELL,LIMIT,1001000,200
286,143606420350,NEW,160,SELL,LIMIT,1001100,50
287,143775792103,NEW,161,SELL,LIMIT,1000600,18
288,143800332384,CANCEL,36,SELL,LIMIT,1001500,24
289,143827273735,NEW,162,BUY,LIMIT,1000200,9
290,144355293506,NEW,163,SELL,LIMIT,1001200,100
291,145188323676,CANCEL,156,BUY,LIMIT,1000400,28
292,145521482950,CANCEL,158,SELL,LIMIT,1000500,100
293,146398647130,CANCEL,142,SELL,LIMIT,1002000,100
294,147026151254,CANCEL,121,SELL,LIMIT,1000700,100
295,147141811190,NEW,164,BUY,LIMIT,999700,100
296,148286441694,CANCEL,148,BUY,LIMIT,1000200,100
297,148523097217,CANCEL,159,SELL,LIMIT,1001000,200
298,149260858285,NEW,165,SELL,LIMIT,1000700,24
299,150803946259,NEW,166,BUY,LIMIT,999500,60
300,152457073521,CANCEL,153,SELL,LIMIT,1001100,51
301,153343364536,CANCEL,163,SELL,LIMIT,1001200,100
302,154006863490,NEW,167,BUY,LIMIT,1000500,400
303,154832129193,NEW,168,SELL,LIMIT,1000600,75
304,155194812404,CANCEL,147,BUY,LIMIT,999800,41
305,155221643282,CANCEL,167,BUY,LIMIT,1000500,400
306,155336293418,NEW,169,BUY,LIMIT,999600,100
307,156385138692,NEW,170,SELL,LIMIT,1000600,100
308,156787156534,CANCEL,168,SELL,LIMIT,1000600,75
309,157375932054,NEW,171,SELL,LIMIT,1001500,100
310,157472263361,CANCEL,144,BUY,LIMIT,1000000,30
311,157810692299,NEW,172,SELL,LIMIT,1000900,19
312,157909709902,NEW,173,SELL,LIMIT,1000600,100
313,158107775651,CANCEL,135,SELL,LIMIT,1000700,100
314,159044005559,NEW,174,BUY,LIMIT,1000400,100
315,160166199581,NEW,175,BUY,LIMIT,1000500,60
316,160366505651,CANCEL,80,SELL,LIMIT,1000900,28
317,160852336924,CANCEL,97,SELL,LIMIT,1000600,49
318,161028050874,CANCEL,172,SELL,LIMIT,1000900,19
319,161878973882,CANCEL,139,SELL,LIMIT,1001200,27
320,162085146683,CANCEL,169,BUY,LIMIT,999600,100
321,162808594083,NEW,176,SELL,LIMIT,1000700,100
322,163038194984,NEW,177,SELL,LIMIT,1001500,27
323,163947717009,NEW,178,BUY,LIMIT,999900,100
324,164127812839,NEW,179,BUY,LIMIT,999600,43
325,164198652291,CANCEL,176,SELL,LIMIT,1000700,100
326,165606581525,CANCEL,175,BUY,LIMIT,1000500,60
327,165751893015,CANCEL,170,SELL,LIMIT,1000600,100
328,166423777042,NEW,180,BUY,LIMIT,1000100,32
329,166532654016,CANCEL,136,BUY,LIMIT,1000300,29
330,166595134305,CANCEL,164,BUY,LIMIT,999700,100
331,167267277115,CANCEL,132,BUY,LIMIT,1000000,27
332,168053372461,NEW,181,BUY,LIMIT,1000400,67
333,169019470056,NEW,182,SELL,LIMIT,1001400,100
334,169080576819,CANCEL,102,SELL,LIMIT,1000900,22
335,169166713438,NEW,183,BUY,LIMIT,999600,18
336,170262504152,NEW,184,SELL,LIMIT,1001100,60
337,170878957143,NEW,185,BUY,LIMIT,1000300,64
338,171220517349,NEW,186,SELL,MARKET,,200
339,171220517349,CANCEL,100,BUY,LIMIT,1000400,14
340,171220517349,CANCEL,126,BUY,LIMIT,1000400,18
341,171220517349,CANCEL,154,BUY,LIMIT,1000400,17
342,171220517349,CANCEL,174,BUY,LIMIT,1000400,100
343,171220517349,REDUCE,181,BUY,LIMIT,1000400,16
344,171641519700,NEW,187,BUY,LIMIT,999900,100
345,172177861252,NEW,188,SELL,LIMIT,1000500,100
346,173281771943,NEW,189,BUY,LIMIT,999500,28
347,174066847203,CANCEL,115,BUY,LIMIT,999400,60
348,174431260019,NEW,190,SELL,LIMIT,1000600,60
349,174846570149,CANCEL,188,SELL,LIMIT,1000500,100
350,175407378672,NEW,191,SELL,LIMIT,1000900,100
351,175922807330,NEW,192,SELL,LIMIT,1001300,100
352,175978274975,CANCEL,182,SELL,LIMIT,1001400,100
353,175981067048,NEW,193,BUY,LIMIT,999800,200
354,176264602632,CANCEL,157,BUY,LIMIT,999600,100
355,177540305664,CANCEL,193,BUY,LIMIT,999800,200
356,177900430206,NEW,194,BUY,LIMIT,999900,400
357,177931362738,NEW,195,BUY,LIMIT,1000400,26
358,179283462896,NEW,196,SELL,LIMIT,1000800,27
359,179391243643,CANCEL,194,BUY,LIMIT,999900,400
360,179547846538,CANCEL,166,BUY,LIMIT,999500,60
361,179938563335,NEW,197,BUY,LIMIT,999600,39
362,180066125582,CANCEL,119,SELL,LIMIT,1001000,40
363,181204856178,NEW,198,BUY,LIMIT,999200,40
364,181414263139,NEW,199,BUY,LIMIT,999900,100
365,183535624144,NEW,200,BUY,LIMIT,999900,43
366,183713915931,NEW,201,SELL,LIMIT,1001000,100
367,184507512549,CANCEL,185,BUY,LIMIT,1000300,64
368,184915320911,CANCEL,178,BUY,LIMIT,999900,100
369,185829785636,CANCEL,199,BUY,LIMIT,999900,100
370,185876658724,CANCEL,181,BUY,LIMIT,1000400,16
371,186772934077,NEW,202,SELL,LIMIT,1001100,300
372,186793021093,CANCEL,201,SELL,LIMIT,1001000,100
373,186803358974,CANCEL,165,SELL,LIMIT,1000700,24
374,186898272812,CANCEL,93,BUY,LIMIT,1000300,28
375,187374868259,NEW,203,BUY,LIMIT,1000300,46
376,187446382135,NEW,204,SELL,LIMIT,1000500,17
377,187573972791,CANCEL,203,BUY,LIMIT,1000300,46
378,188488159561,NEW,205,BUY,LIMIT,999900,23
379,189045853765,NEW,206,SELL,LIMIT,1001400,64
380,189770270138,CANCEL,171,SELL,LIMIT,1001500,100
381,189861331492,CANCEL,183,BUY,LIMIT,999600,18
382,191010857851,NEW,207,BUY,LIMIT,999400,73
383,191922678407,NEW,208,BUY,LIMIT,999500,16
384,192844516369,CANCEL,202,SELL,LIMIT,1001100,300
385,192930467987,NEW,209,BUY,LIMIT,999800,75
386,193068780287,CANCEL,79,BUY,LIMIT,1000100,33
387,193172169465,NEW,210,SELL,LIMIT,1001200,64
388,193300450522,NEW,211,SELL,LIMIT,1000500,1000
389,193367159195,CANCEL,207,BUY,LIMIT,999400,73
390,193856569816,NEW,212,BUY,LIMIT,999600,60
391,194063588395,CANCEL,131,BUY,LIMIT,999800,10
392,194983499998,NEW,213,BUY,LIMIT,1000000,100
393,195828598417,CANCEL,209,BUY,LIMIT,999800,75
394,196598528984,CANCEL,211,SELL,LIMIT,1000500,1000
395,197279094359,NEW,214,BUY,LIMIT,999800,93
396,197584186533,NEW,215,SELL,LIMIT,1000500,100
397,197937743736,NEW,216,BUY,LIMIT,999700,28
398,198119682766,CANCEL,215,SELL,LIMIT,1000500,100
399,199044111209,NEW,217,SELL,LIMIT,1000600,30
400,199300943177,NEW,218,BUY,LIMIT,1000400,100
401,199393356797,CANCEL,197,BUY,LIMIT,999600,39
402,200020421905,CANCEL,216,BUY,LIMIT,999700,28
403,200279469845,CANCEL,214,BUY,LIMIT,999800,93
404,200668471153,NEW,219,BUY,LIMIT,999500,100
405,201129987961,NEW,220,SELL,LIMIT,1001400,20
406,201197318561,NEW,221,SELL,LIMIT,1000500,63
407,201353935302,CANCEL,196,SELL,LIMIT,1000800,27
408,203725522299,CANCEL,180,BUY,LIMIT,1000100,32
409,204075929956,NEW,222,SELL,LIMIT,1001000,37
410,204384761807,CANCEL,90,BUY,LIMIT,1000200,60
411,206759756560,CANCEL,213,BUY,LIMIT,1000000,100
412,207058954651,CANCEL,173,SELL,LIMIT,1000600,100
413,207807327040,CANCEL,160,SELL,LIMIT,1001100,50
414,208297654591,NEW,223,BUY,LIMIT,1000300,200
415,208481228043,NEW,224,BUY,LIMIT,1000300,100
416,208952666627,NEW,225,SELL,LIMIT,1001200,300
417,209115941990,NEW,226,SELL,LIMIT,1000600,2
418,209894561416,CANCEL,220,SELL,LIMIT,1001400,20
419,210331446078,CANCEL,224,BUY,LIMIT,1000300,100
420,210985741848,NEW,227,SELL,LIMIT,1000600,24
421,211309853725,CANCEL,210,SELL,LIMIT,1001200,64
422,211808221582,CANCEL,225,SELL,LIMIT,1001200,300
423,212458314580,NEW,228,SELL,LIMIT,1001600,100
424,213674036503,CANCEL,219,BUY,LIMIT,999500,100
425,215409597824,NEW,229,BUY,LIMIT,999700,9
426,217257473062,NEW,230,BUY,LIMIT,1000000,30
427,217707561283,CANCEL,190,SELL,LIMIT,1000600,60
428,217950433498,CANCEL,218,BUY,LIMIT,1000400,100
429,218358269274,CANCEL,223,BUY,LIMIT,1000300,200
430,219219722347,NEW,231,SELL,MARKET,,700
431,219219722347,CANCEL,195,BUY,LIMIT,1000400,26
432,219219722347,CANCEL,162,BUY,LIMIT,1000200,9
433,219219722347,CANCEL,122,BUY,LIMIT,1000000,30
434,219219722347,CANCEL,230,BUY,LIMIT,1000000,30
435,219219722347,CANCEL,134,BUY,LIMIT,999900,30
436,219219722347,CANCEL,187,BUY,LIMIT,999900,100
437,219219722347,CANCEL,200,BUY,LIMIT,999900,43
438,219219722347,CANCEL,205,BUY,LIMIT,999900,23
439,219219722347,CANCEL,229,BUY,LIMIT,999700,9
440,219219722347,CANCEL,179,BUY,LIMIT,999600,43
441,219219722347,CANCEL,212,BUY,LIMIT,999600,60
442,219219722347,CANCEL,189,BUY,LIMIT,999500,28
443,219219722347,CANCEL,208,BUY,LIMIT,999500,16
444,219219722347,CANCEL,61,BUY,LIMIT,999200,13
445,219219722347,CANCEL,198,BUY,LIMIT,999200,40
446,219273754476,NEW,232,BUY,LIMIT,1000000,100
447,219651241165,NEW,233,BUY,LIMIT,1000100,39
448,219939937146,CANCEL,206,SELL,LIMIT,1001400,64
449,220070267299,CANCEL,217,SELL,LIMIT,1000600,30
450,220683486676,NEW,234,SELL,LIMIT,1000300,541
451,220786239811,NEW,235,BUY,LIMIT,1000000,100
452,223261051146,NEW,236,BUY,LIMIT,999300,30
453,225127614357,NEW,237,SELL,LIMIT,1000300,100
454,225317455950,NEW,238,SELL,LIMIT,1000400,60
455,226191549934,CANCEL,228,SELL,LIMIT,1001600,100
456,226388220009,CANCEL,191,SELL,LIMIT,1000900,100
457,227791147797,NEW,239,SELL,LIMIT,1000400,18
458,227963662285,CANCEL,237,SELL,LIMIT,1000300,100
459,228079012989,CANCEL,233,BUY,LIMIT,1000100,39
460,228447654854,CANCEL,222,SELL,LIMIT,1001000,37
461,229073683766,CANCEL,234,SELL,LIMIT,1000300,541
462,229097872286,CANCEL,235,BUY,LIMIT,1000000,100
463,229499095223,NEW,240,BUY,LIMIT,999900,100
464,231535446318,CANCEL,236,BUY,LIMIT,999300,30
465,231629877626,NEW,241,SELL,LIMIT,1000500,200
466,232988404781,NEW,242,BUY,LIMIT,1000100,200
467,233112601572,NEW,243,BUY,MARKET,,200
468,233112601572,CANCEL,238,SELL,LIMIT,1000400,60
469,233112601572,CANCEL,239,SELL,LIMIT,1000400,18
470,233112601572,CANCEL,204,SELL,LIMIT,1000500,17
471,233112601572,CANCEL,221,SELL,LIMIT,1000500,63
472,233112601572,REDUCE,241,SELL,LIMIT,1000500,158
473,233984486014,NEW,244,SELL,LIMIT,1000900,100
474,234107437719,NEW,245,BUY,LIMIT,1000400,27
475,234844082910,CANCEL,241,SELL,LIMIT,1000500,158
476,236045325587,NEW,246,SELL,LIMIT,1001100,700
477,236479589890,NEW,247,BUY,LIMIT,1000300,100
478,236615095506,NEW,248,SELL,LIMIT,1001200,200
479,237384471531,NEW,249,BUY,LIMIT,999700,18
480,237720397184,NEW,250,BUY,LIMIT,999100,48
481,238582194484,NEW,251,BUY,LIMIT,1000400,51
482,238605049937,CANCEL,232,BUY,LIMIT,1000000,100
483,239155036167,CANCEL,248,SELL,LIMIT,1001200,200
484,239997649663,CANCEL,246,SELL,LIMIT,1001100,700
485,241318889286,CANCEL,192,SELL,LIMIT,1001300,100
486,241444427042,CANCEL,240,BUY,LIMIT,999900,100
487,242668869892,CANCEL,244,SELL,LIMIT,1000900,100
488,242980715628,CANCEL,242,BUY,LIMIT,1000100,200
489,244170185938,NEW,252,BUY,LIMIT,999800,100
490,246744422483,NEW,253,BUY,LIMIT,999900,17
491,247513952522,NEW,254,SELL,LIMIT,1000600,100
492,248131968632,NEW,255,SELL,LIMIT,1001500,200
493,249961295037,NEW,256,BUY,LIMIT,1000400,100
494,253082913882,CANCEL,184,SELL,LIMIT,1001100,60
495,253159313286,CANCEL,255,SELL,LIMIT,1001500,200
496,253579644434,NEW,257,BUY,LIMIT,999400,100
497,255076964957,NEW,258,BUY,LIMIT,999500,27
498,256366718446,CANCEL,245,BUY,LIMIT,1000400,27
499,256582830491,NEW,259,SELL,LIMIT,1000600,17
500,257838381052,NEW,260,SELL,LIMIT,1000600,10
501,258233294209,CANCEL,177,SELL,LIMIT,1001500,27
502,260811658312,CANCEL,259,SELL,LIMIT,1000600,17
503,261718138415,CANCEL,252,BUY,LIMIT,999800,100
504,261784947336,NEW,261,SELL,LIMIT,1000700,100
505,261994013418,NEW,262,SELL,LIMIT,1000900,100
506,262111641242,CANCEL,247,BUY,LIMIT,1000300,100
507,262305237735,NEW,263,SELL,LIMIT,1001300,400
508,263843743185,CANCEL,263,SELL,LIMIT,1001300,400
509,264237868749,NEW,264,SELL,LIMIT,1000600,100
510,264497677994,NEW,265,BUY,LIMIT,1000400,30
511,264809918932,NEW,266,BUY,LIMIT,999800,40
512,265194505456,NEW,267,SELL,LIMIT,1001400,60
513,266327014770,NEW,268,BUY,LIMIT,999100,29
514,266333828700,NEW,269,BUY,LIMIT,999800,100
515,266520744918,NEW,270,SELL,LIMIT,1001000,18
516,266710722229,CANCEL,261,SELL,LIMIT,1000700,100
517,266803891591,NEW,271,BUY,LIMIT,1000000,1100
518,266969950705,NEW,272,SELL,LIMIT,1001400,100
519,268211000822,CANCEL,271,BUY,LIMIT,1000000,1100
520,268218355061,CANCEL,272,SELL,LIMIT,1001400,100
521,269017915755,CANCEL,256,BUY,LIMIT,1000400,100
522,269031977059,NEW,273,SELL,LIMIT,1000500,200
523,271710781189,NEW,274,SELL,LIMIT,1001400,32
524,272512674106,NEW,275,BUY,LIMIT,999700,100
525,272534623349,NEW,276,BUY,LIMIT,999600,100
526,272619775245,CANCEL,276,BUY,LIMIT,999600,100
527,272726753504,NEW,277,BUY,LIMIT,999600,100
528,273403482398,NEW,278,BUY,LIMIT,999700,18
529,273530152102,CANCEL,260,SELL,LIMIT,1000600,10
530,274279641122,NEW,279,BUY,LIMIT,1000400,100
531,275027008424,NEW,280,BUY,LIMIT,1000400,99
532,275144133041,NEW,281,SELL,LIMIT,1001000,100
533,275753914145,NEW,282,SELL,LIMIT,1001000,100
534,276469077145,NEW,283,BUY,LIMIT,999700,200
535,276512160510,NEW,284,BUY,LIMIT,999800,18
536,277071686888,CANCEL,280,BUY,LIMIT,1000400,99
537,277599825608,CANCEL,275,BUY,LIMIT,999700,100
538,278407979429,CANCEL,257,BUY,LIMIT,999400,100
539,278962874204,NEW,285,BUY,LIMIT,999600,35
540,279436992844,CANCEL,281,SELL,LIMIT,1001000,100
541,280572246007,CANCEL,267,SELL,LIMIT,1001400,60
542,280578831707,CANCEL,273,SELL,LIMIT,1000500,200
543,280828863485,NEW,286,BUY,LIMIT,1000400,100
544,280943848157,CANCEL,250,BUY,LIMIT,999100,48
545,281383140714,NEW,287,SELL,LIMIT,1001100,100
546,281505677871,NEW,288,BUY,LIMIT,1000300,100
547,282312903068,NEW,289,SELL,LIMIT,1000900,100
548,282645994946,NEW,290,SELL,LIMIT,1001000,100
549,283454434630,NEW,291,BUY,LIMIT,999400,66
550,283518086741,NEW,292,BUY,LIMIT,1000200,100
551,283540288339,CANCEL,264,SELL,LIMIT,1000600,100
552,283905676512,NEW,293,BUY,LIMIT,999800,17
553,283968317010,CANCEL,262,SELL,LIMIT,1000900,100
554,284319363689,NEW,294,BUY,LIMIT,999300,72
555,284742108089,NEW,295,BUY,LIMIT,999900,51
556,284918118600,NEW,296,SELL,LIMIT,1001400,100
557,284922817480,NEW,297,BUY,LIMIT,1000200,700
558,285229456885,NEW,298,SELL,LIMIT,1000600,100
559,285889420870,NEW,299,BUY,LIMIT,1000400,49
560,285909728830,CANCEL,278,BUY,LIMIT,999700,18
561,286572034254,CANCEL,297,BUY,LIMIT,1000200,700
562,287262603635,NEW,300,SELL,LIMIT,1001300,27
563,287345496240,NEW,301,SELL,LIMIT,1000600,18
564,287870189978,CANCEL,301,SELL,LIMIT,1000600,18
565,288665160708,CANCEL,253,BUY,LIMIT,999900,17
566,289159953313,NEW,302,BUY,LIMIT,1000000,27
567,290291883785,CANCEL,283,BUY,LIMIT,999700,200
568,290308235680,CANCEL,286,BUY,LIMIT,1000400,100
569,290800597072,CANCEL,279,BUY,LIMIT,1000400,100
570,291432268699,CANCEL,289,SELL,LIMIT,1000900,100
571,291953656708,NEW,303,SELL,LIMIT,1000700,52
572,292007833593,CANCEL,292,BUY,LIMIT,1000200,100
573,292092444651,NEW,304,BUY,LIMIT,1000300,12
574,292703781038,CANCEL,285,BUY,LIMIT,999600,35
575,293008203631,NEW,305,BUY,LIMIT,999700,39
576,293054103367,CANCEL,305,BUY,LIMIT,999700,39
577,293578068326,NEW,306,SELL,LIMIT,1001400,43
578,293691518869,NEW,307,BUY,LIMIT,1000400,18
579,294352960729,NEW,308,BUY,LIMIT,999600,49
580,294836100076,CANCEL,266,BUY,LIMIT,999800,40
581,295830988490,NEW,309,BUY,LIMIT,1000300,100
582,296527638157,CANCEL,258,BUY,LIMIT,999500,27
583,297465020705,NEW,310,BUY,LIMIT,999100,100
584,297801796786,CANCEL,288,BUY,LIMIT,1000300,100
585,298177813393,NEW,311,SELL,LIMIT,1000800,69
586,298272093274,CANCEL,254,SELL,LIMIT,1000600,100
587,299329258603,NEW,312,SELL,LIMIT,1000600,200
588,299348117299,CANCEL,291,BUY,LIMIT,999400,66
589,299375598906,CANCEL,312,SELL,LIMIT,1000600,200
590,300492932514,CANCEL,309,BUY,LIMIT,1000300,100
591,301828450847,CANCEL,290,SELL,LIMIT,1001000,100
592,302815227831,NEW,313,BUY,LIMIT,999500,52
593,303502471312,CANCEL,251,BUY,LIMIT,1000400,51
594,303793168816,NEW,314,BUY,LIMIT,999800,200
595,304594000178,NEW,315,SELL,LIMIT,1001600,67
596,305153667875,NEW,316,BUY,LIMIT,1000400,100
597,305301623961,NEW,317,SELL,LIMIT,1000600,32
598,306403550454,CANCEL,314,BUY,LIMIT,999800,200
599,307312931843,NEW,318,SELL,LIMIT,1000700,32
600,308784577616,CANCEL,296,SELL,LIMIT,1001400,100
601,308837901656,CANCEL,274,SELL,LIMIT,1001400,32
602,308961098373,NEW,319,SELL,LIMIT,1001100,32
603,312004737401,NEW,320,BUY,LIMIT,1000400,100
604,312336154549,NEW,321,SELL,LIMIT,1000700,200
605,312552032308,NEW,322,SELL,LIMIT,1001500,100
606,314159026449,CANCEL,316,BUY,LIMIT,1000400,100
607,314259750609,CANCEL,227,SELL,LIMIT,1000600,24
608,315108271770,CANCEL,322,SELL,LIMIT,1001500,100
609,316616142551,CANCEL,269,BUY,LIMIT,999800,100
610,316782109559,NEW,323,BUY,LIMIT,1000400,100
611,320203029157,CANCEL,299,BUY,LIMIT,1000400,49
612,320309758712,CANCEL,320,BUY,LIMIT,1000400,100
613,320629886577,CANCEL,287,SELL,LIMIT,1001100,100
614,320771863018,CANCEL,298,SELL,LIMIT,1000600,100
615,320795192462,NEW,324,SELL,LIMIT,1000700,100
616,320846516686,CANCEL,323,BUY,LIMIT,1000400,100
617,321774260873,NEW,325,BUY,LIMIT,999300,100
618,322275818639,NEW,326,BUY,LIMIT,1000200,100
619,322355690772,NEW,327,BUY,LIMIT,1000400,200
620,323313953236,NEW,328,BUY,LIMIT,1000500,35
621,324006265551,CANCEL,304,BUY,LIMIT,1000300,12
622,324995199507,CANCEL,313,BUY,LIMIT,999500,52
623,325315777786,CANCEL,268,BUY,LIMIT,999100,29
624,325351611853,NEW,329,BUY,LIMIT,1000200,100
625,325808614611,CANCEL,326,BUY,LIMIT,1000200,100
626,326294975628,NEW,330,SELL,LIMIT,1000700,27
627,327311938877,CANCEL,310,BUY,LIMIT,999100,100
628,327592353744,NEW,331,SELL,LIMIT,1001000,100
629,328404075486,CANCEL,303,SELL,LIMIT,1000700,52
630,328933797436,NEW,332,SELL,LIMIT,1001000,46
631,329115247891,CANCEL,308,BUY,LIMIT,999600,49
632,329474860167,CANCEL,321,SELL,LIMIT,1000700,200
633,329787872132,CANCEL,294,BUY,LIMIT,999300,72
634,329851518449,NEW,333,BUY,MARKET,,200
635,329851518449,CANCEL,161,SELL,LIMIT,1000600,18
636,329851518449,CANCEL,226,SELL,LIMIT,1000600,2
637,329851518449,CANCEL,317,SELL,LIMIT,1000600,32
638,329851518449,CANCEL,318,SELL,LIMIT,1000700,32
639,329851518449,CANCEL,324,SELL,LIMIT,1000700,100
640,329851518449,REDUCE,330,SELL,LIMIT,1000700,11
641,330194158702,CANCEL,325,BUY,LIMIT,999300,100
642,330208776366,CANCEL,327,BUY,LIMIT,1000400,200
643,330311162825,NEW,334,BUY,LIMIT,1000400,100
644,330928387446,NEW,335,SELL,LIMIT,1000700,10
645,330940339222,CANCEL,249,BUY,LIMIT,999700,18
646,332402692884,CANCEL,307,BUY,LIMIT,1000400,18
647,333063185215,NEW,336,SELL,LIMIT,1000800,100
648,333842370471,CANCEL,265,BUY,LIMIT,1000400,30
649,335314880203,NEW,337,SELL,LIMIT,1001200,2
650,335906670738,NEW,338,BUY,LIMIT,1000400,100
651,338678004219,NEW,339,BUY,LIMIT,999900,100
652,338696333023,NEW,340,SELL,LIMIT,1001000,200
653,338927664286,CANCEL,277,BUY,LIMIT,999600,100
654,339592709125,CANCEL,315,SELL,LIMIT,1001600,67
655,341525185275,NEW,341,SELL,LIMIT,1000700,70
656,341639721868,CANCEL,295,BUY,LIMIT,999900,51
657,342535610890,NEW,342,BUY,LIMIT,999700,27
658,342557086811,NEW,343,BUY,LIMIT,999800,100
659,342686846317,NEW,344,BUY,LIMIT,999900,100
660,345011303509,NEW,345,SELL,LIMIT,1000700,20
661,346470609893,NEW,346,SELL,LIMIT,1000800,28
662,348132240229,CANCEL,344,BUY,LIMIT,999900,100
663,348387800398,CANCEL,341,SELL,LIMIT,1000700,70
664,348686215800,CANCEL,329,BUY,LIMIT,1000200,100
665,349064915380,NEW,347,SELL,LIMIT,1001500,198
666,349144457378,NEW,348,BUY,LIMIT,999800,100
667,349198219228,NEW,349,BUY,LIMIT,999600,100
668,349632581947,NEW,350,SELL,LIMIT,1001100,100
669,349754283711,CANCEL,336,SELL,LIMIT,1000800,100
670,350962929899,NEW,351,SELL,LIMIT,1001500,62
671,352648795371,NEW,352,BUY,LIMIT,1000100,200
672,352652233033,NEW,353,SELL,LIMIT,1000900,900
673,352748357944,CANCEL,349,BUY,LIMIT,999600,100
674,353026080434,CANCEL,353,SELL,LIMIT,1000900,900
675,353081654990,NEW,354,SELL,LIMIT,1001500,27
676,354074795481,CANCEL,346,SELL,LIMIT,1000800,28
677,354111096282,NEW,355,SELL,LIMIT,1001200,13
678,354465044370,NEW,356,BUY,LIMIT,999300,13
679,354525673466,CANCEL,347,SELL,LIMIT,1001500,198
680,354837131025,NEW,357,BUY,LIMIT,1000400,200
681,354896957202,CANCEL,350,SELL,LIMIT,1001100,100
682,355156888606,CANCEL,338,BUY,LIMIT,1000400,100
683,355186745923,NEW,358,BUY,LIMIT,999600,18
684,355668917983,CANCEL,343,BUY,LIMIT,999800,100
685,355700743544,NEW,359,SELL,LIMIT,1000700,21
686,355837659259,CANCEL,357,BUY,LIMIT,1000400,200
687,356303966387,CANCEL,334,BUY,LIMIT,1000400,100
688,357944296233,CANCEL,348,BUY,LIMIT,999800,100
689,358045773772,CANCEL,340,SELL,LIMIT,1001000,200
690,359817189671,NEW,360,SELL,MARKET,,100
691,359817189671,CANCEL,328,BUY,LIMIT,1000500,35
692,359817189671,REDUCE,352,BUY,LIMIT,1000100,135
693,360459599383,NEW,361,SELL,LIMIT,1001100,22
694,361316414984,NEW,362,SELL,LIMIT,1000800,29
695,362216182479,NEW,363,SELL,LIMIT,1000600,100
696,362340588982,NEW,364,BUY,LIMIT,999900,400
697,362545280960,NEW,365,BUY,LIMIT,999400,100
698,362649431335,NEW,366,SELL,LIMIT,1000700,200
699,362943497106,CANCEL,364,BUY,LIMIT,999900,400
700,363660045463,CANCEL,311,SELL,LIMIT,1000800,69
701,363932323334,NEW,367,BUY,LIMIT,999900,100
702,363951209629,NEW,368,SELL,LIMIT,1000900,75
703,364277451108,NEW,369,BUY,LIMIT,999500,100
704,365325169359,CANCEL,339,BUY,LIMIT,999900,100
705,366493281375,CANCEL,367,BUY,LIMIT,999900,100
706,366797052202,NEW,370,SELL,LIMIT,1000900,200
707,367215278115,NEW,371,SELL,LIMIT,1001200,100
708,367961025069,NEW,372,BUY,LIMIT,999400,100
709,369371338025,NEW,373,BUY,LIMIT,1000500,21
710,371024690213,NEW,374,SELL,LIMIT,1001500,200
711,371075377311,NEW,375,BUY,LIMIT,1000000,100
712,371236424439,NEW,376,BUY,LIMIT,999800,600
713,371333323439,CANCEL,374,SELL,LIMIT,1001500,200
714,371674266700,NEW,377,BUY,LIMIT,999800,25
715,371705538453,CANCEL,376,BUY,LIMIT,999800,600
716,372164165902,NEW,378,SELL,LIMIT,1001000,100
717,372485779807,CANCEL,378,SELL,LIMIT,1001000,100
718,372547621982,NEW,379,SELL,LIMIT,1000700,100
719,372804818783,CANCEL,370,SELL,LIMIT,1000900,200
720,374867590333,NEW,380,SELL,MARKET,,132
721,374867590333,CANCEL,373,BUY,LIMIT,1000500,21
722,374867590333,REDUCE,352,BUY,LIMIT,1000100,24
723,375070646682,CANCEL,375,BUY,LIMIT,1000000,100
724,375240815653,CANCEL,306,SELL,LIMIT,1001400,43
725,375324442536,NEW,381,BUY,LIMIT,999600,100
726,376083662121,CANCEL,133,SELL,LIMIT,1001200,9
727,377152997862,CANCEL,330,SELL,LIMIT,1000700,11
728,377419586450,NEW,382,SELL,LIMIT,1001600,32
729,377435630195,NEW,383,SELL,LIMIT,1001200,200
730,377737832292,NEW,384,SELL,LIMIT,1000500,30
731,377746763092,CANCEL,332,SELL,LIMIT,1001000,46
732,378309032545,NEW,385,SELL,LIMIT,1000300,100
733,380660819163,CANCEL,365,BUY,LIMIT,999400,100
734,380675718381,NEW,386,SELL,LIMIT,1000200,28
735,380925090189,NEW,387,SELL,LIMIT,1000300,100
736,381775837292,NEW,388,SELL,LIMIT,1001100,27
737,382282161582,CANCEL,385,SELL,LIMIT,1000300,100
738,382550063159,CANCEL,381,BUY,LIMIT,999600,100
739,383033366758,NEW,389,SELL,LIMIT,1000500,100
740,383065497463,CANCEL,383,SELL,LIMIT,1001200,200
741,383191389397,CANCEL,354,SELL,LIMIT,1001500,27
742,383599126520,NEW,390,BUY,LIMIT,1000000,200
743,383807085166,NEW,391,BUY,LIMIT,998700,60
744,383991770423,CANCEL,359,SELL,LIMIT,1000700,21
745,384101946632,CANCEL,366,SELL,LIMIT,1000700,200
746,384307537597,NEW,392,SELL,LIMIT,1000200,30
747,385183605047,CANCEL,345,SELL,LIMIT,1000700,20
748,385588970801,CANCEL,351,SELL,LIMIT,1001500,62
749,386300828231,CANCEL,389,SELL,LIMIT,1000500,100
750,386669396905,CANCEL,390,BUY,LIMIT,1000000,200
751,386800134537,NEW,393,BUY,LIMIT,999900,18
752,387390718414,CANCEL,319,SELL,LIMIT,1001100,32
753,389088259032,CANCEL,384,SELL,LIMIT,1000500,30
754,389662549872,NEW,394,SELL,LIMIT,1001100,200
755,390061497034,NEW,395,SELL,LIMIT,1000300,100
756,390607128893,CANCEL,387,SELL,LIMIT,1000300,100
757,390632337162,NEW,396,BUY,LIMIT,999000,66
758,391941896195,CANCEL,282,SELL,LIMIT,1001000,100
759,392358417740,NEW,397,SELL,LIMIT,1001200,67
760,392994554685,NEW,398,SELL,LIMIT,1000300,39
761,393182782341,NEW,399,BUY,LIMIT,1000000,200
762,394540697529,NEW,400,SELL,LIMIT,1000900,100
763,394851415926,NEW,401,BUY,LIMIT,998700,28
764,394977747040,NEW,402,SELL,LIMIT,1000300,24
765,395072676159,CANCEL,382,SELL,LIMIT,1001600,32
766,395923265044,CANCEL,394,SELL,LIMIT,1001100,200
767,397367536745,NEW,403,BUY,LIMIT,999800,100
768,397880727759,NEW,404,SELL,LIMIT,1000700,700
769,397960047468,CANCEL,300,SELL,LIMIT,1001300,27
770,397998140297,CANCEL,270,SELL,LIMIT,1001000,18
771,398253131749,NEW,405,BUY,LIMIT,1000100,100
772,398429874132,NEW,406,BUY,LIMIT,999500,24
773,399145690693,NEW,407,BUY,LIMIT,1000000,100
774,399559609614,NEW,408,SELL,LIMIT,1001500,100
775,399564378491,CANCEL,404,SELL,LIMIT,1000700,700
776,400668947922,CANCEL,400,SELL,LIMIT,1000900,100
777,401337064717,CANCEL,379,SELL,LIMIT,1000700,100
778,401895745268,NEW,409,SELL,LIMIT,1001100,100
779,403487713862,CANCEL,397,SELL,LIMIT,1001200,67
780,403713805600,NEW,410,SELL,LIMIT,1001000,60
781,404403689469,CANCEL,395,SELL,LIMIT,1000300,100
782,404877332794,CANCEL,396,BUY,LIMIT,999000,66
783,405521151513,NEW,411,BUY,LIMIT,1000000,100
784,405876957436,CANCEL,361,SELL,LIMIT,1001100,22
785,405968051574,CANCEL,372,BUY,LIMIT,999400,100
786,405976230104,NEW,412,BUY,LIMIT,999800,100
787,406412803287,NEW,413,SELL,LIMIT,1001100,100
788,406669822433,CANCEL,409,SELL,LIMIT,1001100,100
789,407499947512,CANCEL,331,SELL,LIMIT,1001000,100
790,407556340355,NEW,414,SELL,LIMIT,1000500,100
791,407880564845,CANCEL,342,BUY,LIMIT,999700,27
792,408128526791,CANCEL,405,BUY,LIMIT,1000100,100
793,408140627833,CANCEL,284,BUY,LIMIT,999800,18
794,408174294265,CANCEL,412,BUY,LIMIT,999800,100
795,409438024474,CANCEL,302,BUY,LIMIT,1000000,27
796,409555871509,CANCEL,369,BUY,LIMIT,999500,100
797,411663334147,NEW,415,BUY,LIMIT,999900,41
798,411673163980,CANCEL,399,BUY,LIMIT,1000000,200
799,412205481291,CANCEL,403,BUY,LIMIT,999800,100
800,412265871384,NEW,416,BUY,LIMIT,998700,100
801,412863853526,CANCEL,398,SELL,LIMIT,1000300,39
802,413048914409,CANCEL,413,SELL,LIMIT,1001100,100
803,413432222388,NEW,417,BUY,LIMIT,1000000,30
804,414297568253,CANCEL,407,BUY,LIMIT,1000000,100
805,414371900765,NEW,418,BUY,LIMIT,999700,40
806,414386276183,CANCEL,411,BUY,LIMIT,1000000,100
807,415933306062,NEW,419,SELL,LIMIT,1000400,100
808,416263317559,CANCEL,363,SELL,LIMIT,1000600,100
809,416699302874,NEW,420,BUY,LIMIT,1000000,100
810,417822149837,CANCEL,391,BUY,LIMIT,998700,60
811,418583176490,CANCEL,392,SELL,LIMIT,1000200,30
812,418687753925,CANCEL,416,BUY,LIMIT,998700,100
813,418952254164,NEW,421,SELL,LIMIT,1001600,100
814,419118130128,CANCEL,419,SELL,LIMIT,1000400,100
815,419499160361,CANCEL,371,SELL,LIMIT,1001200,100
816,419512539327,CANCEL,417,BUY,LIMIT,1000000,30
817,419728954257,CANCEL,415,BUY,LIMIT,999900,41
818,420705725716,NEW,422,SELL,LIMIT,1001100,100
819,421048429169,NEW,423,SELL,LIMIT,1000300,66
820,422114556889,NEW,424,SELL,LIMIT,1000700,500
821,422945118114,CANCEL,414,SELL,LIMIT,1000500,100
822,424093816879,CANCEL,424,SELL,LIMIT,1000700,500
823,424536317229,NEW,425,SELL,LIMIT,1000300,100
824,424823836400,NEW,426,BUY,MARKET,,55
825,424823836400,CANCEL,386,SELL,LIMIT,1000200,28
826,424823836400,CANCEL,402,SELL,LIMIT,1000300,24
827,424823836400,REDUCE,423,SELL,LIMIT,1000300,63
828,424824867849,CANCEL,410,SELL,LIMIT,1001000,60
829,425395332262,NEW,427,BUY,LIMIT,1000000,100
830,426489946760,CANCEL,418,BUY,LIMIT,999700,40
831,427660728001,CANCEL,408,SELL,LIMIT,1001500,100
832,427830982470,NEW,428,BUY,LIMIT,1000000,100
833,428149544348,NEW,429,SELL,LIMIT,1000400,49
834,429732248249,CANCEL,425,SELL,LIMIT,1000300,100
835,431015797406,CANCEL,422,SELL,LIMIT,1001100,100
836,431228514646,NEW,430,SELL,LIMIT,1000300,100
837,431635391694,NEW,431,SELL,MARKET,,100
838,431635391694,CANCEL,352,BUY,LIMIT,1000100,24
839,431635391694,REDUCE,420,BUY,LIMIT,1000000,24
840,431755064643,NEW,432,SELL,LIMIT,1000700,100
841,432297144832,NEW,433,SELL,LIMIT,1000100,30
842,432908693325,CANCEL,427,BUY,LIMIT,1000000,100
843,433268922394,CANCEL,429,SELL,LIMIT,1000400,49
844,435674467325,NEW,434,BUY,LIMIT,999100,100
845,436013328659,CANCEL,432,SELL,LIMIT,1000700,100
846,436108467079,NEW,435,SELL,MARKET,,100
847,436108467079,CANCEL,420,BUY,LIMIT,1000000,24
848,436108467079,REDUCE,428,BUY,LIMIT,1000000,24
849,436763334107,NEW,436,BUY,LIMIT,999100,100
850,437341255085,CANCEL,436,BUY,LIMIT,999100,100
851,437531206296,NEW,437,SELL,LIMIT,1001200,60
852,437740669568,NEW,438,SELL,LIMIT,1000800,50
853,438779516010,CANCEL,438,SELL,LIMIT,1000800,50
854,439749136491,NEW,439,BUY,LIMIT,999700,29
855,439962071825,CANCEL,437,SELL,LIMIT,1001200,60
856,440136566313,NEW,440,SELL,LIMIT,1000200,18
857,440841097827,CANCEL,368,SELL,LIMIT,1000900,75
858,440978581829,CANCEL,421,SELL,LIMIT,1001600,100
859,441255855495,NEW,441,BUY,LIMIT,999800,100
860,441371073605,NEW,442,BUY,LIMIT,999300,200
861,441520003174,CANCEL,355,SELL,LIMIT,1001200,13
862,442120680843,NEW,443,BUY,LIMIT,999700,100
863,442300720942,CANCEL,443,BUY,LIMIT,999700,100
864,442816893296,NEW,444,SELL,LIMIT,1000700,70
865,444776038594,CANCEL,442,BUY,LIMIT,999300,200
866,445666290857,CANCEL,433,SELL,LIMIT,1000100,30
867,446831910258,NEW,445,SELL,LIMIT,1000400,700
868,448004287964,CANCEL,441,BUY,LIMIT,999800,100
869,448098779756,CANCEL,445,SELL,LIMIT,1000400,700
870,448143754654,NEW,446,SELL,LIMIT,1000300,67
871,448205514095,NEW,447,SELL,LIMIT,1001100,100
872,448496545705,NEW,448,BUY,LIMIT,999700,72
873,448986665295,CANCEL,434,BUY,LIMIT,999100,100
874,450380732803,NEW,449,SELL,LIMIT,1001100,200
875,450646093908,CANCEL,362,SELL,LIMIT,1000800,29
876,451448970960,NEW,450,BUY,LIMIT,999200,100
877,452182452703,CANCEL,450,BUY,LIMIT,999200,100
878,452208812615,CANCEL,449,SELL,LIMIT,1001100,200
879,452489521116,NEW,451,BUY,LIMIT,999000,16
880,452532750556,CANCEL,428,BUY,LIMIT,1000000,24
881,452622536211,NEW,452,BUY,LIMIT,1000000,100
882,456942987796,CANCEL,448,BUY,LIMIT,999700,72
883,458945822095,NEW,453,BUY,LIMIT,999400,43
884,460408458458,NEW,454,BUY,LIMIT,1000000,35
885,461635232848,CANCEL,430,SELL,LIMIT,1000300,100
886,462115909181,NEW,455,BUY,LIMIT,999700,100
887,463826125909,NEW,456,SELL,LIMIT,1000900,24
888,464086861301,CANCEL,455,BUY,LIMIT,999700,100
889,464912105842,CANCEL,393,BUY,LIMIT,999900,18
890,465143388118,NEW,457,SELL,LIMIT,1000400,100
891,465635410475,NEW,458,BUY,LIMIT,999500,100
892,466864784429,CANCEL,458,BUY,LIMIT,999500,100
893,467197869163,NEW,459,SELL,LIMIT,1001500,100
894,467442824557,NEW,460,SELL,LIMIT,1000100,30
895,467900413961,NEW,461,SELL,LIMIT,1000300,30
896,468112086142,CANCEL,293,BUY,LIMIT,999800,17
897,468560936195,NEW,462,SELL,MARKET,,68
898,468560936195,REDUCE,452,BUY,LIMIT,1000000,32
899,468561410273,NEW,463,BUY,MARKET,,100
900,468561410273,CANCEL,460,SELL,LIMIT,1000100,30
901,468561410273,CANCEL,440,SELL,LIMIT,1000200,18
902,468561410273,REDUCE,423,SELL,LIMIT,1000300,11
903,469219707421,NEW,464,SELL,LIMIT,1000900,73
904,470337743833,NEW,465,SELL,LIMIT,1001400,200
905,470723445763,CANCEL,465,SELL,LIMIT,1001400,200
906,472732850597,NEW,466,SELL,LIMIT,1000200,100
907,472920492853,NEW,467,BUY,LIMIT,999400,100
908,474831271447,NEW,468,BUY,LIMIT,999200,64
909,475468511214,NEW,469,SELL,LIMIT,1000200,30
910,475630608762,NEW,470,BUY,LIMIT,1000000,100
911,475989195258,NEW,471,BUY,LIMIT,1000100,100
912,476230746856,NEW,472,SELL,LIMIT,1000900,100
913,476783145581,NEW,473,BUY,LIMIT,999200,30
914,477167059907,CANCEL,447,SELL,LIMIT,1001100,100
915,478243189725,CANCEL,466,SELL,LIMIT,1000200,100
916,478281549926,CANCEL,459,SELL,LIMIT,1001500,100
917,478304968130,CANCEL,471,BUY,LIMIT,1000100,100
918,479182224010,NEW,474,BUY,LIMIT,1000000,100
919,479276061199,NEW,475,SELL,LIMIT,1001200,100
920,479426133721,NEW,476,SELL,LIMIT,1000400,800
921,479572666356,CANCEL,467,BUY,LIMIT,999400,100
922,479644509086,NEW,477,SELL,LIMIT,1000600,18
923,480031572095,CANCEL,476,SELL,LIMIT,1000400,800
924,481110493638,NEW,478,SELL,LIMIT,1000800,11
925,481390463753,CANCEL,453,BUY,LIMIT,999400,43
926,482440107058,NEW,479,BUY,LIMIT,999800,48
927,482780271601,NEW,480,BUY,LIMIT,999700,100
928,483358434636,NEW,481,BUY,LIMIT,1000000,23
929,483707749749,NEW,482,BUY,LIMIT,999100,28
930,484287134175,CANCEL,444,SELL,LIMIT,1000700,70
931,485020229503,CANCEL,474,BUY,LIMIT,1000000,100
932,485433964528,CANCEL,472,SELL,LIMIT,1000900,100
933,487972747298,NEW,483,BUY,MARKET,,13
934,487972747298,REDUCE,469,SELL,LIMIT,1000200,17
935,487972771509,CANCEL,475,SELL,LIMIT,1001200,100
936,487974363263,CANCEL,358,BUY,LIMIT,999600,18
937,488668777280,NEW,484,SELL,LIMIT,1001000,37
938,488920837781,NEW,485,BUY,LIMIT,1000000,60
939,489407690079,NEW,486,BUY,LIMIT,999700,36
940,489460832730,CANCEL,485,BUY,LIMIT,1000000,60
941,490705984945,CANCEL,446,SELL,LIMIT,1000300,67
942,491481090932,NEW,487,BUY,LIMIT,999800,200
943,491757064727,NEW,488,BUY,LIMIT,999500,300
944,492031824076,NEW,489,BUY,LIMIT,999900,100
945,492190850848,NEW,490,SELL,LIMIT,1000200,54
946,492233658015,NEW,491,SELL,LIMIT,1000500,100
947,492720468052,CANCEL,490,SELL,LIMIT,1000200,54
948,493368337908,NEW,492,BUY,LIMIT,1000000,100
949,494279243268,NEW,493,SELL,LIMIT,1000200,100
950,494653177030,NEW,494,SELL,LIMIT,1000200,27
951,495090736490,NEW,495,SELL,LIMIT,1000200,200
952,495261307751,NEW,496,BUY,LIMIT,999900,100
953,496644883075,CANCEL,457,SELL,LIMIT,1000400,100
954,497030181885,CANCEL,468,BUY,LIMIT,999200,64
955,497077033371,NEW,497,SELL,LIMIT,1000400,100
956,497169820614,NEW,498,SELL,LIMIT,1000300,31
957,497258380062,CANCEL,406,BUY,LIMIT,999500,24
958,497802350686,NEW,499,BUY,LIMIT,999100,20
959,497934845393,CANCEL,495,SELL,LIMIT,1000200,200
960,498595124686,CANCEL,497,SELL,LIMIT,1000400,100
961,499506950561,NEW,500,SELL,LIMIT,1000200,24
962,499714499145,CANCEL,489,BUY,LIMIT,999900,100
963,499742669452,NEW,501,SELL,LIMIT,1001200,185
964,499916293479,CANCEL,501,SELL,LIMIT,1001200,185
965,500323180166,CANCEL,488,BUY,LIMIT,999500,300
966,500617804409,CANCEL,335,SELL,LIMIT,1000700,10
967,501108955319,CANCEL,388,SELL,LIMIT,1001100,27
968,501299145301,NEW,502,SELL,LIMIT,1000300,84
969,501584959494,NEW,503,BUY,LIMIT,999200,100
970,501714411291,CANCEL,493,SELL,LIMIT,1000200,100
971,503946628719,NEW,504,BUY,LIMIT,999900,200
972,504825377239,CANCEL,487,BUY,LIMIT,999800,200
973,504845752734,NEW,505,BUY,LIMIT,999100,100
974,505556331311,NEW,506,SELL,LIMIT,1000300,21
975,505847629282,CANCEL,478,SELL,LIMIT,1000800,11
976,505919892237,NEW,507,SELL,LIMIT,1001300,30
977,506060069957,CANCEL,491,SELL,LIMIT,1000500,100
978,506257430412,CANCEL,480,BUY,LIMIT,999700,100
979,506358037957,NEW,508,BUY,LIMIT,1000000,20
980,506750112186,CANCEL,496,BUY,LIMIT,999900,100
981,506796669897,NEW,509,BUY,LIMIT,999800,100
982,506828506072,CANCEL,473,BUY,LIMIT,999200,30
983,508159875519,NEW,510,BUY,LIMIT,1000000,50
984,508163939766,NEW,511,SELL,LIMIT,1000100,200
985,508308203494,CANCEL,470,BUY,LIMIT,1000000,100
986,508332701587,CANCEL,503,BUY,LIMIT,999200,100
987,508570139854,CANCEL,511,SELL,LIMIT,1000100,200
988,508704669526,CANCEL,509,BUY,LIMIT,999800,100
989,508984669419,NEW,512,BUY,LIMIT,999900,100
990,509249834366,NEW,513,SELL,LIMIT,1000800,23
991,509597711974,NEW,514,BUY,LIMIT,999500,100
992,510190883921,CANCEL,510,BUY,LIMIT,1000000,50
993,510202545306,NEW,515,SELL,LIMIT,1001200,100
994,510332123037,NEW,516,SELL,LIMIT,1000100,100
995,511084148139,NEW,517,BUY,LIMIT,999900,100
996,511260981975,CANCEL,512,BUY,LIMIT,999900,100
997,511526462056,CANCEL,506,SELL,LIMIT,1000300,21
998,512586127503,CANCEL,515,SELL,LIMIT,1001200,100
999,514014124016,NEW,518,BUY,LIMIT,999900,46
1000,514057973964,NEW,519,BUY,LIMIT,998900,11
1001,515339252092,CANCEL,505,BUY,LIMIT,999100,100
1002,516029930575,NEW,520,SELL,LIMIT,1000200,100
1003,516310367866,CANCEL,377,BUY,LIMIT,999800,25
1004,516599577898,CANCEL,507,SELL,LIMIT,1001300,30
1005,516671762547,NEW,521,BUY,LIMIT,999900,200
1006,519428571582,CANCEL,500,SELL,LIMIT,1000200,24
1007,519521798289,NEW,522,SELL,LIMIT,1000900,100
1008,519756609990,CANCEL,521,BUY,LIMIT,999900,200
1009,520576093712,NEW,523,SELL,LIMIT,1000300,28
1010,521424455269,CANCEL,479,BUY,LIMIT,999800,48
1011,521733832807,NEW,524,BUY,LIMIT,999300,100
1012,521773321813,NEW,525,SELL,LIMIT,1000600,28
1013,522511628383,CANCEL,514,BUY,LIMIT,999500,100
1014,524106159385,CANCEL,502,SELL,LIMIT,1000300,84
1015,524850861041,NEW,526,SELL,MARKET,,100
1016,524850861041,CANCEL,452,BUY,LIMIT,1000000,32
1017,524850861041,CANCEL,454,BUY,LIMIT,1000000,35
1018,524850861041,CANCEL,481,BUY,LIMIT,1000000,23
1019,524850861041,REDUCE,492,BUY,LIMIT,1000000,90
1020,525413537458,CANCEL,498,SELL,LIMIT,1000300,31
1021,525758714094,CANCEL,469,SELL,LIMIT,1000200,17
1022,526818186013,CANCEL,423,SELL,LIMIT,1000300,11
1023,526953105494,NEW,527,BUY,LIMIT,999700,18
1024,527092834043,NEW,528,SELL,LIMIT,1001100,100
1025,527470840993,NEW,529,SELL,LIMIT,1000600,100
1026,527704172716,NEW,530,BUY,LIMIT,999700,100
1027,528962963572,NEW,531,BUY,LIMIT,999900,200
1028,529608209628,CANCEL,531,BUY,LIMIT,999900,200
1029,530405355286,CANCEL,484,SELL,LIMIT,1001000,37
1030,530906662240,CANCEL,504,BUY,LIMIT,999900,200
1031,531717391968,CANCEL,461,SELL,LIMIT,1000300,30
1032,533268451937,NEW,532,BUY,LIMIT,999900,100
1033,533404646827,NEW,533,SELL,LIMIT,1000800,20
1034,533899142531,NEW,534,SELL,LIMIT,1000800,600
1035,534786878944,NEW,535,BUY,LIMIT,998600,71
1036,534798885567,CANCEL,534,SELL,LIMIT,1000800,600
1037,535343966658,NEW,536,SELL,LIMIT,1000700,18
1038,535895634682,NEW,537,SELL,LIMIT,1000200,100
1039,536289295487,NEW,538,SELL,LIMIT,1000400,2
1040,536966924549,CANCEL,537,SELL,LIMIT,1000200,100
1041,537961753900,CANCEL,528,SELL,LIMIT,1001100,100
1042,538477275513,CANCEL,464,SELL,LIMIT,1000900,73
1043,539883380498,CANCEL,535,BUY,LIMIT,998600,71
1044,540106172185,NEW,539,BUY,LIMIT,999900,100
1045,540218300190,NEW,540,SELL,LIMIT,1000600,5
1046,540414896757,CANCEL,524,BUY,LIMIT,999300,100
1047,540974130693,CANCEL,522,SELL,LIMIT,1000900,100
1048,541249787280,CANCEL,516,SELL,LIMIT,1000100,100
1049,541567408916,NEW,541,BUY,LIMIT,999600,100
1050,542695096269,NEW,542,BUY,LIMIT,999900,100
1051,543373617523,NEW,543,SELL,LIMIT,1000400,400
1052,543931955009,CANCEL,529,SELL,LIMIT,1000600,100
1053,544052882789,NEW,544,BUY,LIMIT,1000000,200
1054,544773766722,CANCEL,544,BUY,LIMIT,1000000,200
1055,545133057586,CANCEL,536,SELL,LIMIT,1000700,18
1056,545816517256,NEW,545,SELL,LIMIT,1000800,700
1057,546675742996,NEW,546,BUY,MARKET,,100
1058,546675742996,CANCEL,494,SELL,LIMIT,1000200,27
1059,546675742996,REDUCE,520,SELL,LIMIT,1000200,27
1060,546675827424,NEW,547,SELL,MARKET,,100
1061,546675827424,CANCEL,492,BUY,LIMIT,1000000,90
1062,546675827424,REDUCE,508,BUY,LIMIT,1000000,10
1063,546774900028,NEW,548,SELL,LIMIT,1000900,21
1064,546878819108,CANCEL,545,SELL,LIMIT,1000800,700
1065,549382444879,NEW,549,SELL,LIMIT,1000200,26
1066,549908862155,NEW,550,SELL,LIMIT,1000300,13
1067,549969284760,CANCEL,456,SELL,LIMIT,1000900,24
1068,550588761818,NEW,551,BUY,MARKET,,100
1069,550588761818,CANCEL,520,SELL,LIMIT,1000200,27
1070,550588761818,CANCEL,549,SELL,LIMIT,1000200,26
1071,550588761818,CANCEL,523,SELL,LIMIT,1000300,28
1072,550588761818,CANCEL,550,SELL,LIMIT,1000300,13
1073,550588761818,CANCEL,538,SELL,LIMIT,1000400,2
1074,550588761818,REDUCE,543,SELL,LIMIT,1000400,396
1075,551533125477,NEW,552,BUY,LIMIT,1000200,200
1076,551877747446,NEW,553,SELL,LIMIT,1000900,27
1077,551957974863,CANCEL,517,BUY,LIMIT,999900,100
1078,552027046513,CANCEL,543,SELL,LIMIT,1000400,396
1079,553849865895,CANCEL,530,BUY,LIMIT,999700,100
1080,553988156297,NEW,554,BUY,MARKET,,9
1081,553988156297,REDUCE,477,SELL,LIMIT,1000600,9
1082,553988347402,CANCEL,541,BUY,LIMIT,999600,100
1083,554774529983,NEW,555,BUY,LIMIT,1000100,100
1084,554928172185,CANCEL,356,BUY,LIMIT,999300,13
1085,555459314402,NEW,556,SELL,LIMIT,1000400,41
1086,556493650982,NEW,557,SELL,LIMIT,1001400,67
1087,558954722779,CANCEL,542,BUY,LIMIT,999900,100
1088,559432468495,NEW,558,SELL,LIMIT,1000300,48
1089,559875717883,CANCEL,486,BUY,LIMIT,999700,36
1090,560728775795,CANCEL,558,SELL,LIMIT,1000300,48
1091,561245997027,NEW,559,SELL,LIMIT,1000900,60
1092,561918165668,NEW,560,SELL,LIMIT,1000600,200
1093,562498272003,CANCEL,552,BUY,LIMIT,1000200,200
1094,562543702439,NEW,561,BUY,LIMIT,999600,100
1095,562893439006,NEW,562,SELL,LIMIT,1001000,100
1096,563085864614,NEW,563,SELL,LIMIT,1000300,63
1097,563211700238,NEW,564,SELL,LIMIT,1000400,100
1098,563267795384,NEW,565,BUY,LIMIT,1000100,78
1099,565065481911,CANCEL,561,BUY,LIMIT,999600,100
1100,565180523001,CANCEL,560,SELL,LIMIT,1000600,200
1101,565693116467,NEW,566,SELL,LIMIT,1000300,2
1102,565905173381,NEW,567,SELL,LIMIT,1000800,200
1103,566068066393,CANCEL,567,SELL,LIMIT,1000800,200
1104,566660219806,CANCEL,548,SELL,LIMIT,1000900,21
1105,567180196360,NEW,568,SELL,LIMIT,1000200,100
1106,567731131526,CANCEL,532,BUY,LIMIT,999900,100
1107,567986025718,CANCEL,559,SELL,LIMIT,1000900,60
1108,568375385975,NEW,569,SELL,LIMIT,1000500,100
1109,569142039640,NEW,570,SELL,LIMIT,1000900,100
1110,569312899752,NEW,571,BUY,LIMIT,1000000,664
1111,569638810762,NEW,572,BUY,LIMIT,999500,40
1112,569841771008,CANCEL,564,SELL,LIMIT,1000400,100
1113,570111679206,NEW,573,SELL,LIMIT,1001200,200
1114,571990166586,NEW,574,SELL,LIMIT,1001300,100
1115,572149312905,CANCEL,574,SELL,LIMIT,1001300,100
1116,573170279978,CANCEL,555,BUY,LIMIT,1000100,100
1117,573617582636,CANCEL,539,BUY,LIMIT,999900,100
1118,574196428578,NEW,575,BUY,LIMIT,999500,100
1119,574431288884,NEW,576,SELL,LIMIT,1000300,22
1120,574868447674,NEW,577,BUY,MARKET,,100
1121,574868447674,CANCEL,568,SELL,LIMIT,1000200,100
1122,575167362408,NEW,578,BUY,LIMIT,1000100,100
1123,575441554472,NEW,579,BUY,LIMIT,999400,48
1124,575926203123,NEW,580,BUY,LIMIT,999300,18
1125,576187940442,NEW,581,SELL,MARKET,,58
1126,576187940442,REDUCE,565,BUY,LIMIT,1000100,20
1127,576224881819,NEW,582,SELL,LIMIT,1001000,100
1128,576373457388,NEW,583,BUY,LIMIT,999900,100
1129,576708193045,CANCEL,570,SELL,LIMIT,1000900,100
1130,576955767980,CANCEL,573,SELL,LIMIT,1001200,200
1131,577382339009,CANCEL,579,BUY,LIMIT,999400,48
1132,577661840134,NEW,584,SELL,LIMIT,1001000,66
1133,577870854069,NEW,585,BUY,LIMIT,1000100,28
1134,578099957887,NEW,586,SELL,LIMIT,1000300,100
1135,579279951182,NEW,587,SELL,LIMIT,1000500,60
1136,579599172444,NEW,588,BUY,LIMIT,999700,100
1137,579616385772,CANCEL,576,SELL,LIMIT,1000300,22
1138,580821521615,NEW,589,BUY,LIMIT,999300,29
1139,581151563251,CANCEL,575,BUY,LIMIT,999500,100
1140,581301053168,CANCEL,584,SELL,LIMIT,1001000,66
1141,583644594256,CANCEL,583,BUY,LIMIT,999900,100
1142,583907871262,CANCEL,571,BUY,LIMIT,1000000,664
1143,584461339597,NEW,590,SELL,LIMIT,1000400,100
1144,584739435059,NEW,591,BUY,LIMIT,999400,43
1145,584922456021,NEW,592,SELL,LIMIT,1000700,60
1146,585168343630,NEW,593,SELL,LIMIT,1000300,100
1147,585335658167,NEW,594,SELL,LIMIT,1000600,62
1148,585537291159,CANCEL,337,SELL,LIMIT,1001200,2
1149,586697734952,CANCEL,569,SELL,LIMIT,1000500,100
1150,586735300577,NEW,595,BUY,LIMIT,1000100,100
1151,586956572574,NEW,596,SELL,LIMIT,1001000,30
1152,587293279405,CANCEL,562,SELL,LIMIT,1001000,100
1153,588283828434,NEW,597,BUY,LIMIT,999200,100
1154,589663949021,NEW,598,SELL,LIMIT,1001000,63
1155,590750204282,NEW,599,SELL,LIMIT,1000600,85
1156,591815082804,NEW,600,BUY,LIMIT,999700,54
1157,591912519901,CANCEL,588,BUY,LIMIT,999700,100
1158,591945516816,NEW,601,BUY,LIMIT,999100,500
1159,592353341497,NEW,602,BUY,LIMIT,999600,100
1160,593701141163,CANCEL,597,BUY,LIMIT,999200,100
1161,593901916227,NEW,603,BUY,LIMIT,999900,100
1162,594004050116,CANCEL,591,BUY,LIMIT,999400,43
1163,594196231873,NEW,604,SELL,LIMIT,1001300,100
1164,594291575860,NEW,605,SELL,LIMIT,1001300,70
1165,594436624430,NEW,606,SELL,LIMIT,1000400,200
1166,594933673516,CANCEL,606,SELL,LIMIT,1000400,200
1167,595122813108,NEW,607,BUY,LIMIT,1000000,100
1168,595724035726,NEW,608,SELL,LIMIT,1001100,21
1169,596026937173,NEW,609,SELL,LIMIT,1001400,200
1170,596058781907,NEW,610,BUY,LIMIT,1000100,44
1171,596194819191,CANCEL,610,BUY,LIMIT,1000100,44
1172,596383061208,NEW,611,BUY,LIMIT,1000100,100
1173,597072508405,NEW,612,BUY,LIMIT,999700,20
1174,597699305825,CANCEL,609,SELL,LIMIT,1001400,200
1175,598070653022,CANCEL,401,BUY,LIMIT,998700,28
1176,598517162393,CANCEL,590,SELL,LIMIT,1000400,100
1177,598876180518,CANCEL,572,BUY,LIMIT,999500,40
1178,599157234114,CANCEL,605,SELL,LIMIT,1001300,70
1179,599285729080,CANCEL,599,SELL,LIMIT,1000600,85
1180,599757554438,NEW,613,BUY,LIMIT,999800,19
